Method name: Kirill_ccasr,,,,,,,,,,,,
Application: SparkControl,,,,V3.2,,,,,,,,
Device: Spark,,,,Serial number: 2008000886,,,,,,,,
Firmware:,,,,ABS:V4.3.2|ABS_MEX:V5.1.1|MTP:V14.2.11|FLUOR:V5.1.4|FLUOR_MEM:V5.1.1|FLUOR_MEX:V5.1.1|PODI:V1.11.2,,,,,,,,
,,,,,,,,,,,,
Date:,,,,2025-07-26,,,,,,,,
Time:,,,,05:27,,,,,,,,
System,,,,DESKTOP-68UO60I,,,,,,,,
User,,,,DESKTOP-68UO60I\hslab,,,,,,,,
Plate,,,,[GRE96ft] - Greiner 96 Flat Transparent Cat. No.: 655101/655161/655192,,,,,,,,
Lid lifter,,,,No lid,,,,,,,,
Humidity Cassette,,,,No humidity cassette,,,,,,,,
Smooth mode,,,,Not selected,,,,,,,,
,,,,,,,,,,,,
List of actions in this measurement script:,,,,,,,,,,,,
Plate,,,,,,,,,,,,
,User intervention,,,,,,,,,,,
,Absorbance,,,,,OD600,,,,,,
,Fluorescence Top Reading,,,,,GFP,,,,,,
,Fluorescence Top Reading,,,,,mScarlet,,,,,,
,Fluorescence Top Reading,,,,,mScarlet40,,,,,,
,User intervention,,,,,,,,,,,
,,,,,,,,,,,,
Name,,,,GRE96ft,,,,,,,,
Plate layout,,,,,,,,,,,,
Plate area,,,,B2-G9,,,,,,,,
,,,,,,,,,,,,
Start Time,,,,2025-07-26 05:24:06,,,,,,,,
User intervention text,,,,Insert plate,,,,,,,,
End Time,,,,2025-07-26 05:24:10,,,,,,,,
,,,,,,,,,,,,
Mode,Absorbance,,,,,,,,,,,
Name,OD600,,,,,,,,,,,
Measurement wavelength [nm],,,,600,,,,,,,,
Number of flashes,,,,10,,,,,,,,
Settle time [ms],,,,50,,,,,,,,
Part of Plate,,,,B2-G9,,,,,,,,
,,,,,,,,,,,,
Start Time,,,,2025-07-26 05:24:12,,,,,,,,
Temperature [°C],,,,26.9,,,,,,,,
,,,,,,,,,,,,
<>,1,2,3,4,5,6,7,8,9,10,11,12
A,,,,,,,,,,,,
B,,0.5309,1.0208,0.8385,0.6116,0.7523,0.2339,0.0461,0.0433,,,
C,,0.7214,0.7394,0.8652,1.5275,1.2679,0.8292,0.0533,0.0454,,,
D,,1.3856,1.5377,1.6746,0.9883,0.3207,0.341,0.0529,0.0459,,,
E,,1.0571,1.1407,1.1512,1.3364,1.3954,0.1335,0.0474,0.0493,,,
F,,1.5736,1.425,1.4486,0.7438,0.3438,0.0568,0.0474,0.0482,,,
G,,0.7667,1.1171,0.983,1.6804,1.0547,1.0379,0.0436,0.0428,,,
H,,,,,,,,,,,,
,,,,,,,,,,,,
,,,,,,,,,,,,
End Time,,,,2025-07-26 05:24:25,,,,,,,,
,,,,,,,,,,,,
Mode,Fluorescence Top Reading,,,,,,,,,,,
Name,GFP,,,,,,,,,,,
Excitation,,,,Monochromator,,,,,,,,
Excitation wavelength [nm],,,,485,,,,,,,,
Excitation bandwidth [nm],,,,20,,,,,,,,
Emission,,,,Monochromator,,,,,,,,
Emission wavelength [nm],,,,535,,,,,,,,
Emission bandwidth [nm],,,,20,,,,,,,,
Gain Manual,,,,40,,,,,,,,
Mirror,,,,Automatic (Dichroic 510),,,,,,,,
Number of flashes,,,,30,,,,,,,,
Integration time [µs],,,,40,,,,,,,,
Lag time [µs],,,,0,,,,,,,,
Settle time [ms],,,,0,,,,,,,,
Z-Position [μm],,,,20000,,,,,,,,
Z-Position mode,,,,Manual,,,,,,,,
Part of Plate,,,,B2-G9,,,,,,,,
,,,,,,,,,,,,
Start Time,,,,2025-07-26 05:24:28,,,,,,,,
Temperature [°C],,,,27,,,,,,,,
,,,,,,,,,,,,
<>,1,2,3,4,5,6,7,8,9,10,11,12
A,,,,,,,,,,,,
B,,35,220,64,2595,2027,994,9,5,,,
C,,2896,4267,4805,746,180,2444,30,11,,,
D,,207,115,836,5956,491,543,32,16,,,
E,,3066,4299,4355,682,353,166,31,18,,,
F,,48,199,243,5605,180,36,21,14,,,
G,,3272,5838,5726,532,100,65,12,3,,,
H,,,,,,,,,,,,
,,,,,,,,,,,,
,,,,,,,,,,,,
End Time,,,,2025-07-26 05:25:07,,,,,,,,
,,,,,,,,,,,,
Mode,Fluorescence Top Reading,,,,,,,,,,,
Name,mScarlet,,,,,,,,,,,
Excitation,,,,Monochromator,,,,,,,,
Excitation wavelength [nm],,,,565,,,,,,,,
Excitation bandwidth [nm],,,,20,,,,,,,,
Emission,,,,Monochromator,,,,,,,,
Emission wavelength [nm],,,,625,,,,,,,,
Emission bandwidth [nm],,,,20,,,,,,,,
Gain Manual,,,,80,,,,,,,,
Mirror,,,,Automatic (50% Mirror),,,,,,,,
Number of flashes,,,,30,,,,,,,,
Integration time [µs],,,,40,,,,,,,,
Lag time [µs],,,,0,,,,,,,,
Settle time [ms],,,,0,,,,,,,,
Z-Position [μm],,,,20000,,,,,,,,
Z-Position mode,,,,Manual,,,,,,,,
Part of Plate,,,,B2-G9,,,,,,,,
,,,,,,,,,,,,
Start Time,,,,2025-07-26 05:25:12,,,,,,,,
Temperature [°C],,,,26.9,,,,,,,,
,,,,,,,,,,,,
<>,1,2,3,4,5,6,7,8,9,10,11,12
A,,,,,,,,,,,,
B,,14,302,144,12633,1303,52,9,8,,,
C,,111,198,334,18805,31420,5656,40,10,,,
D,,46,61,1818,13874,18775,18337,35,17,,,
E,,199,344,545,13700,OVER,4556,50,16,,,
F,,28,74,123,9623,10989,84,19,13,,,
G,,97,158,268,21586,56099,5247,15,6,,,
H,,,,,,,,,,,,
,,,,,,,,,,,,
,,,,,,,,,,,,
End Time,,,,2025-07-26 05:25:52,,,,,,,,
,,,,,,,,,,,,
Mode,Fluorescence Top Reading,,,,,,,,,,,
Name,mScarlet40,,,,,,,,,,,
Excitation,,,,Monochromator,,,,,,,,
Excitation wavelength [nm],,,,565,,,,,,,,
Excitation bandwidth [nm],,,,20,,,,,,,,
Emission,,,,Monochromator,,,,,,,,
Emission wavelength [nm],,,,625,,,,,,,,
Emission bandwidth [nm],,,,20,,,,,,,,
Gain Manual,,,,40,,,,,,,,
Mirror,,,,Automatic (50% Mirror),,,,,,,,
Number of flashes,,,,30,,,,,,,,
Integration time [µs],,,,40,,,,,,,,
Lag time [µs],,,,0,,,,,,,,
Settle time [ms],,,,0,,,,,,,,
Z-Position [μm],,,,20000,,,,,,,,
Z-Position mode,,,,Manual,,,,,,,,
Part of Plate,,,,B2-G9,,,,,,,,
,,,,,,,,,,,,
Start Time,,,,2025-07-26 05:25:57,,,,,,,,
Temperature [°C],,,,26.9,,,,,,,,
,,,,,,,,,,,,
<>,1,2,3,4,5,6,7,8,9,10,11,12
A,,,,,,,,,,,,
B,,0,2,1,73,8,1,0,0,,,
C,,1,1,2,109,184,33,1,0,,,
D,,0,0,10,80,114,107,0,0,,,
E,,1,2,3,79,510,27,0,0,,,
F,,0,0,1,55,64,0,0,0,,,
G,,0,1,2,125,334,30,0,0,,,
H,,,,,,,,,,,,
,,,,,,,,,,,,
,,,,,,,,,,,,
End Time,,,,2025-07-26 05:26:36,,,,,,,,
,,,,,,,,,,,,
Start Time,,,,2025-07-26 05:26:39,,,,,,,,
User intervention text,,,,Retire plate,,,,,,,,
End Time,,,,2025-07-26 05:27:03,,,,,,,,
,,,,,,,,,,,,
,,,,,,,,,,,,
